{
  "input_w": 200,
  "input_h": 66,
  "img_mean": [
    0.4250096082687378,
    0.3812766373157501,
    0.40450936555862427
  ],
  "img_std": [
    0.15918941795825958,
    0.14429140090942383,
    0.15372170507907867
  ],
  "steer_bias": 0.0
}