{
  "input_w": 200,
  "input_h": 66,
  "img_mean": [
    0.4217517673969269,
    0.39237460494041443,
    0.41047367453575134
  ],
  "img_std": [
    0.15823358297348022,
    0.14640124142169952,
    0.15195642411708832
  ]
}