{
  "input_w": 200,
  "input_h": 66,
  "img_mean": [
    0.42289164662361145,
    0.39212074875831604,
    0.40208008885383606
  ],
  "img_std": [
    0.16859178245067596,
    0.1600009948015213,
    0.16960234940052032
  ],
  "steer_bias": 0.03137254901960784
}