{
  "input_w": 200,
  "input_h": 66,
  "img_mean": [
    0.4348173141479492,
    0.38889196515083313,
    0.4159429967403412
  ],
  "img_std": [
    0.16668885946273804,
    0.15402498841285706,
    0.16395622491836548
  ]
}