{
  "input_w": 200,
  "input_h": 66,
  "img_mean": [
    0.44397085905075073,
    0.3960343599319458,
    0.4151792824268341
  ],
  "img_std": [
    0.1655125617980957,
    0.1532309502363205,
    0.15956011414527893
  ],
  "steer_bias": 0.0
}