{
  "input_w": 200,
  "input_h": 66,
  "img_mean": [
    0.41847535967826843,
    0.39829951524734497,
    0.4211837947368622
  ],
  "img_std": [
    0.1610761284828186,
    0.15543648600578308,
    0.16345055401325226
  ]
}