{
  "input_w": 200,
  "input_h": 66,
  "img_mean": [
    0.42638567090034485,
    0.3801707327365875,
    0.4069525897502899
  ],
  "img_std": [
    0.16220639646053314,
    0.14339679479599,
    0.15186920762062073
  ],
  "steer_bias": 0.0
}