{
  "input_w": 200,
  "input_h": 66,
  "img_mean": [
    0.44193631410598755,
    0.38178572058677673,
    0.39190319180488586
  ],
  "img_std": [
    0.17370997369289398,
    0.14611554145812988,
    0.1502307653427124
  ],
  "steer_bias": 0.0
}