{
  "input_w": 200,
  "input_h": 66,
  "img_mean": [
    0.42821502685546875,
    0.378343790769577,
    0.40107032656669617
  ],
  "img_std": [
    0.1633288711309433,
    0.14471246302127838,
    0.154779851436615
  ],
  "steer_bias": 0.0
}