{
  "input_w": 200,
  "input_h": 66,
  "img_mean": [
    0.44158297777175903,
    0.380993515253067,
    0.39079517126083374
  ],
  "img_std": [
    0.17682428658008575,
    0.148184671998024,
    0.15185213088989258
  ],
  "steer_bias": 0.0
}