{
  "input_w": 200,
  "input_h": 66,
  "img_mean": [
    0.4367017447948456,
    0.39137476682662964,
    0.4129723906517029
  ],
  "img_std": [
    0.16546934843063354,
    0.15104280412197113,
    0.15965770184993744
  ],
  "steer_bias": 0.0
}