{
  "input_w": 200,
  "input_h": 66,
  "img_mean": [
    0.4307509958744049,
    0.37688300013542175,
    0.3920765221118927
  ],
  "img_std": [
    0.17088273167610168,
    0.14595338702201843,
    0.15043717622756958
  ],
  "steer_bias": 0.0
}