{
  "input_w": 200,
  "input_h": 66,
  "img_mean": [
    0.4407763183116913,
    0.3948986232280731,
    0.4147806763648987
  ],
  "img_std": [
    0.16567465662956238,
    0.15300802886486053,
    0.1603102833032608
  ],
  "steer_bias": 0.0
}