{
  "input_w": 200,
  "input_h": 66,
  "img_mean": [
    0.43169575929641724,
    0.38196828961372375,
    0.40939390659332275
  ],
  "img_std": [
    0.1624917834997177,
    0.14462055265903473,
    0.15376821160316467
  ],
  "steer_bias": 0.0
}