{
  "input_w": 200,
  "input_h": 66,
  "img_mean": [
    0.441623330116272,
    0.39509913325309753,
    0.41487574577331543
  ],
  "img_std": [
    0.1652887612581253,
    0.15260708332061768,
    0.1595514863729477
  ],
  "steer_bias": 0.0
}