{
  "input_w": 200,
  "input_h": 66,
  "img_mean": [
    0.4345945119857788,
    0.38638386130332947,
    0.40718454122543335
  ],
  "img_std": [
    0.1676061451435089,
    0.15046310424804688,
    0.1589440107345581
  ],
  "steer_bias": 0.0
}