{
  "input_w": 200,
  "input_h": 66,
  "img_mean": [
    0.43533068895339966,
    0.38935086131095886,
    0.4108673930168152
  ],
  "img_std": [
    0.16541311144828796,
    0.15124216675758362,
    0.15966083109378815
  ],
  "steer_bias": 0.0
}